Datetime,Water Level (m)
2026-04-21 06:00:00,0.04736521
2026-04-21 07:00:00,-0.07155211
2026-04-21 08:00:00,-0.13374649
2026-04-21 09:00:00,-0.16722833
2026-04-21 10:00:00,-0.034718208
2026-04-21 11:00:00,0.3190012
2026-04-21 12:00:00,0.55130666
2026-04-21 13:00:00,0.726793
2026-04-21 14:00:00,0.85014945
2026-04-21 15:00:00,0.8807178
2026-04-21 16:00:00,0.7779879
2026-04-21 17:00:00,0.5773608
2026-04-21 18:00:00,0.36114362
2026-04-21 19:00:00,0.22788112
2026-04-21 20:00:00,0.13971822
2026-04-21 21:00:00,0.06895358
2026-04-21 22:00:00,0.0029431279
2026-04-21 23:00:00,0.057869237
2026-04-22 00:00:00,0.34770593
2026-04-22 01:00:00,0.5691568
2026-04-22 02:00:00,0.7108129
2026-04-22 03:00:00,0.753285
2026-04-22 04:00:00,0.6669032
2026-04-22 05:00:00,0.45482197
2026-04-22 06:00:00,0.2846461
2026-04-22 07:00:00,0.1466312
2026-04-22 08:00:00,0.05017024
2026-04-22 09:00:00,-0.019356659
2026-04-22 10:00:00,-0.07560434
2026-04-22 11:00:00,-0.0018596163
2026-04-22 12:00:00,0.33170572
2026-04-22 13:00:00,0.58430386
2026-04-22 14:00:00,0.7700968
2026-04-22 15:00:00,0.8908068
2026-04-22 16:00:00,0.9021736
2026-04-22 17:00:00,0.7606492
2026-04-22 18:00:00,0.54546154
2026-04-22 19:00:00,0.35876527
2026-04-22 20:00:00,0.2403608
2026-04-22 21:00:00,0.15777834
2026-04-22 22:00:00,0.08575968
2026-04-22 23:00:00,0.018844267
2026-04-23 00:00:00,0.038345125
2026-04-23 01:00:00,0.27330378
2026-04-23 02:00:00,0.4935419
2026-04-23 03:00:00,0.6443245
2026-04-23 04:00:00,0.6881743
2026-04-23 05:00:00,0.6263031
2026-04-23 06:00:00,0.440445
2026-04-23 07:00:00,0.28265673
2026-04-23 08:00:00,0.14931217
2026-04-23 09:00:00,0.04893766
2026-04-23 10:00:00,-0.023835288
2026-04-23 11:00:00,-0.06941989
2026-04-23 12:00:00,0.034594093
2026-04-23 13:00:00,0.30772102
2026-04-23 14:00:00,0.5366812
2026-04-23 15:00:00,0.71622187
2026-04-23 16:00:00,0.8286942
2026-04-23 17:00:00,0.84475464
2026-04-23 18:00:00,0.7147841
2026-04-23 19:00:00,0.5018707
2026-04-23 20:00:00,0.32932284
2026-04-23 21:00:00,0.21095262
2026-04-23 22:00:00,0.13330033
2026-04-23 23:00:00,0.061518244
2026-04-24 00:00:00,-0.00028717902
2026-04-24 01:00:00,-0.015478013
2026-04-24 02:00:00,0.12940733
2026-04-24 03:00:00,0.34568295
2026-04-24 04:00:00,0.52477604
2026-04-24 05:00:00,0.6011975
2026-04-24 06:00:00,0.587985
2026-04-24 07:00:00,0.4541543
2026-04-24 08:00:00,0.2936288
2026-04-24 09:00:00,0.16614595
2026-04-24 10:00:00,0.058841277
2026-04-24 11:00:00,-0.015244259
2026-04-24 12:00:00,-0.05461848
2026-04-24 13:00:00,0.017201452
2026-04-24 14:00:00,0.23457251
2026-04-24 15:00:00,0.45410323
2026-04-24 16:00:00,0.6360714
2026-04-24 17:00:00,0.75249547
2026-04-24 18:00:00,0.80558485
2026-04-24 19:00:00,0.74167484
2026-04-24 20:00:00,0.5578169
2026-04-24 21:00:00,0.36932856
2026-04-24 22:00:00,0.2348068
2026-04-24 23:00:00,0.14211902
2026-04-25 00:00:00,0.072561584
2026-04-25 01:00:00,0.0045255306
2026-04-25 02:00:00,-0.03796127
2026-04-25 03:00:00,0.024883082
2026-04-25 04:00:00,0.22688995
2026-04-25 05:00:00,0.43737102
2026-04-25 06:00:00,0.57372046
2026-04-25 07:00:00,0.62538767
2026-04-25 08:00:00,0.59095633
2026-04-25 09:00:00,0.4285447
2026-04-25 10:00:00,0.27411327
2026-04-25 11:00:00,0.15672122
2026-04-25 12:00:00,0.07363775
2026-04-25 13:00:00,0.021753518
2026-04-25 14:00:00,0.012402301
2026-04-25 15:00:00,0.13971807
2026-04-25 16:00:00,0.33768928
2026-04-25 17:00:00,0.5442168
2026-04-25 18:00:00,0.69481266
2026-04-25 19:00:00,0.78151083
2026-04-25 20:00:00,0.7893906
2026-04-25 21:00:00,0.659941
2026-04-25 22:00:00,0.45618698
2026-04-25 23:00:00,0.29902986
2026-04-26 00:00:00,0.18344569
2026-04-26 01:00:00,0.105833486
2026-04-26 02:00:00,0.036908858
2026-04-26 03:00:00,-0.013246081
2026-04-26 04:00:00,0.030027023
2026-04-26 05:00:00,0.2507601
2026-04-26 06:00:00,0.4808849
2026-04-26 07:00:00,0.64977175
2026-04-26 08:00:00,0.7384188
2026-04-26 09:00:00,0.7547128
2026-04-26 10:00:00,0.6319727
2026-04-26 11:00:00,0.4348441
2026-04-26 12:00:00,0.2914015
2026-04-26 13:00:00,0.17990541
2026-04-26 14:00:00,0.11720176
2026-04-26 15:00:00,0.06606153
2026-04-26 16:00:00,0.10794718
2026-04-26 17:00:00,0.320178
2026-04-26 18:00:00,0.54711634
2026-04-26 19:00:00,0.73770934
2026-04-26 20:00:00,0.853603
2026-04-26 21:00:00,0.8929312
2026-04-26 22:00:00,0.7997359
2026-04-26 23:00:00,0.5932059
2026-04-27 00:00:00,0.4151672
2026-04-27 01:00:00,0.28657925
2026-04-27 02:00:00,0.19080377
2026-04-27 03:00:00,0.12384985
2026-04-27 04:00:00,0.08140039
2026-04-27 05:00:00,0.16437766
2026-04-27 06:00:00,0.43239474
